X1,X2,X3,Y
679,23,706,-4
494,231,709,16
364,179,17,526
72,458,332,198
22,218,192,48
20,843,83,780
421,733,524,630
130,393,818,-295
372,181,997,-444
800,58,280,578
86,622,126,582
738,966,767,937
273,764,270,767
460,5,993,-528
647,717,198,1166
900,49,973,-24
476,545,518,503
892,962,230,1624
790,112,161,741
560,610,408,762
477,499,229,747
88,318,634,-228
334,684,437,581
273,164,646,-209
345,286,109,522
758,378,953,183
700,444,423,721
489,884,628,745
20,82,413,-311
536,381,934,-17
809,844,198,1455
97,710,529,278
363,341,246,458
225,996,576,645
289,439,168,560
510,686,439,757
557,98,309,346
396,847,651,592
641,335,28,948
706,152,296,562
868,75,801,142
560,273,846,-13
519,405,746,178
946,819,779,986
12,533,10,535
136,278,253,161
819,309,357,771
829,582,374,1037
647,349,70,926
204,675,695,184
701,334,95,940
19,351,236,134
600,166,882,-116
327,678,776,229
959,492,962,489
256,620,730,146
977,459,260,1176
816,38,761,93
787,766,620,933
562,497,919,140
671,705,900,476
310,668,225,753
465,131,850,-254
987,240,629,598
675,280,11,944
683,950,244,1389
431,174,261,344
409,32,187,254
577,521,682,416
972,95,422,645
607,52,771,-112
148,8,154,2
727,393,165,955
934,589,611,912
433,899,262,1070
614,144,353,405
308,545,273,580
931,858,871,918
492,157,425,224
389,815,433,771
311,872,32,1151
635,670,294,1011
334,137,444,27
442,493,83,852
311,780,564,527
709,170,736,143
588,759,973,374
439,417,354,502
126,501,396,231
4,523,571,-44
624,408,955,77
453,122,508,67
726,471,21,1176
869,948,262,1555
603,801,464,940
640,132,221,551
648,291,601,338
402,696,775,323
136,665,341,460
605,340,771,174
191,756,402,545
857,593,397,1053
410,86,765,-269
741,209,906,44
360,351,847,-136
326,444,664,106
66,825,353,538
283,627,58,852
149,792,976,-35
924,760,470,1214
840,971,233,1578
481,575,112,944
406,370,143,633
979,131,198,912
642,917,535,1024
899,407,221,1085
841,583,655,769
244,204,550,-102
643,817,75,1385
578,294,385,487
832,981,873,940
821,488,612,697
40,997,690,347
541,778,200,1119
919,737,291,1365
882,989,844,1027
628,447,800,275
252,613,514,351
605,670,888,387
465,557,873,149
962,841,391,1412
744,269,362,651
499,624,574,549
163,132,898,-603
608,999,188,1419
159,143,575,-273
795,170,642,323
739,429,532,636
477,205,880,-198
630,3,153,480
52,902,402,552
526,829,167,1188
850,137,400,587
719,829,232,1316
23,445,433,35
941,546,606,881
595,461,349,707
199,634,874,-41
188,974,16,1146
709,647,165,1191
93,896,188,801
497,396,517,376
517,667,724,460
600,335,113,822
617,639,158,1098
488,406,149,745
894,807,667,1034
733,904,108,1529
988,514,279,1223
177,325,756,-254
491,113,360,244
726,292,487,531
743,857,855,745
934,6,637,303
473,127,394,206
393,590,884,99
642,887,156,1373
352,130,447,35
2,404,902,-496
371,579,722,228
596,778,391,983
40,934,218,756
910,477,183,1204
748,55,167,636
619,239,143,715
703,757,897,563
876,707,246,1337
976,579,308,1247
185,2,753,-566
204,949,699,454
253,210,263,200
899,933,111,1721
852,972,740,1084
643,918,777,784
854,562,31,1385
283,612,140,755
339,726,907,158
977,651,597,1031
875,268,900,243
500,519,923,96
498,916,571,843
709,796,572,933
299,860,359,800
168,7,95,80
987,684,949,722
396,775,795,376
795,348,621,522
525,972,612,885
875,578,198,1255
825,6,113,718
999,522,521,1000
742,861,741,862
878,195,534,539
989,509,595,903
599,431,471,559
460,573,867,166
379,160,672,-133
313,742,729,326
686,463,820,329
336,935,910,361
315,115,270,160
67,975,155,887
871,552,643,780
648,75,432,291
326,440,612,154
699,896,927,668
411,807,15,1203
824,986,630,1180
348,107,135,320
158,895,276,777
44,112,792,-636
961,504,299,1166
608,252,997,-137
838,76,522,392
950,728,564,1114
991,785,828,948
590,19,25,584
915,161,872,204
78,236,269,45
807,871,526,1152
142,992,312,822
855,749,232,1372
405,496,740,161
218,976,544,650
427,588,922,93
841,709,96,1454
72,627,929,-230
157,992,348,801
85,524,131,478
65,985,212,838
899,15,185,729
166,162,68,260
990,592,746,836
210,234,753,-309
901,347,204,1044
730,405,580,555
83,446,690,-161
409,854,891,372
986,114,184,916
573,516,526,563
992,71,688,375
587,464,392,659
208,992,806,394
232,191,740,-317
675,714,306,1083
393,857,510,740
122,331,413,40
784,605,384,1005
836,911,972,775
729,441,96,1074
258,602,118,742
446,176,950,-328
325,587,603,309
585,658,339,904
514,99,242,371
509,259,30,738
583,261,285,559
163,176,313,26
483,881,944,420
433,972,597,808
396,10,640,-234
23,455,492,-14
957,750,818,889
563,160,509,214
179,40,460,-241
249,894,208,935
487,394,607,274
109,389,578,-80
328,972,280,1020
647,45,265,427
32,98,137,-7
517,928,370,1075
88,123,908,-697
821,937,228,1530
289,906,508,687
394,218,101,511
915,126,977,64
773,357,306,824
212,470,548,134
748,964,388,1324
568,576,650,494
375,503,694,184
255,902,917,240
125,60,536,-351
202,663,539,326
745,21,238,528
172,162,368,-34
808,888,173,1523
349,753,924,178
564,97,929,-268
256,115,82,289
715,184,833,66
659,613,958,314
674,65,631,108
791,282,387,686
220,584,255,549
910,855,996,769
138,736,598,276
24,71,868,-773
582,666,614,634
101,961,206,856
77,889,446,520
167,348,704,-189
750,982,444,1288
598,631,121,1108
359,286,847,-202
776,784,460,1100
6,49,2,53
527,162,377,312
197,332,658,-129
507,289,650,146
617,306,322,601
317,339,146,510
227,180,335,72
328,526,536,318
722,6,280,448
385,549,139,795
906,704,638,972
517,61,454,124
236,473,268,441
515,223,595,143
259,781,636,404
666,737,441,962
989,597,490,1096
544,211,522,233
483,443,755,171
155,895,948,102
698,626,989,335
789,240,716,313
325,186,565,-54
825,406,359,872
338,980,808,510
850,553,407,996
444,35,855,-376
50,592,499,143
256,998,439,815
211,383,477,117
541,683,879,345
653,129,674,108
369,784,610,543
112,317,120,309
538,344,810,72
109,704,128,685
368,442,72,738
968,619,547,1040
470,741,332,879
240,275,322,193
407,672,556,523
334,6,269,71
477,377,585,269
850,997,12,1835
561,398,270,689
608,624,114,1118
622,487,582,527
335,734,787,282
274,915,275,914
443,3,448,-2
372,707,167,912
538,829,467,900
93,724,788,29
192,787,821,158
525,909,343,1091
567,9,453,123
72,180,150,102
189,39,79,149
985,693,168,1510
500,172,922,-250
610,640,405,845
791,934,495,1230
250,165,660,-245
880,188,105,963
724,719,922,521
971,368,679,660
945,266,408,803
222,19,47,194
66,942,10,998
549,158,713,-6
822,442,204,1060
457,891,9,1339
414,353,674,93
111,913,312,712
396,200,595,1
422,183,406,199
992,972,6,1958
860,313,348,825
134,724,839,19
681,607,460,828
963,850,76,1737
785,321,288,818
71,752,723,100
545,543,561,527
303,341,719,-75
538,209,660,87
888,378,73,1193
360,859,945,274
852,978,313,1517
714,177,156,735
995,196,370,821
632,681,492,821
724,110,395,439
287,724,67,944
114,485,10,589
635,147,912,-130
755,601,126,1230
523,171,837,-143
405,767,327,845
843,401,838,406
756,262,432,586
811,738,4,1545
140,391,275,256
306,253,815,-256
460,413,162,711
659,245,157,747
163,70,686,-453
984,634,480,1138
989,797,409,1377
295,926,42,1179
663,303,951,15
721,632,347,1006
671,77,644,104
607,105,123,589
523,685,3,1205
901,527,725,703
635,303,407,531
504,121,105,520
715,29,245,499
181,405,290,296
265,257,219,303
13,63,896,-820
232,679,464,447
877,330,614,593
615,219,977,-143
210,985,156,1039
368,382,302,448
177,702,535,344
516,883,54,1345
814,299,911,202
329,656,872,113
449,951,207,1193
181,6,457,-270
581,752,468,865
834,611,920,525
534,707,738,503
323,688,545,466
462,744,263,943
884,535,4,1415
76,444,23,497
84,775,580,279
100,88,714,-526
742,546,879,409
545,55,716,-116
901,265,557,609
122,552,536,138
119,961,279,801
539,73,822,-210
884,547,919,512
432,383,823,-8
77,321,169,229
259,459,264,454
955,224,786,393
526,679,405,800
538,689,141,1086
131,54,839,-654
663,821,178,1306
123,384,589,-82
60,787,937,-90
913,698,572,1039
975,368,56,1287
946,467,472,941
208,112,628,-308
831,615,475,971
602,471,940,133
243,199,949,-507
290,586,376,500
571,774,8,1337
450,454,698,206
222,652,870,4
945,821,510,1256
141,40,943,-762
919,861,928,852
662,150,131,681
761,313,551,523
927,883,483,1327
546,717,661,602
216,181,593,-196
953,690,950,693
187,825,182,830
313,271,507,77
122,467,130,459
425,341,926,-160
13,316,6,323
240,970,493,717
431,354,451,334
751,856,971,636
376,16,463,-71
721,416,560,577
572,270,679,163
167,174,823,-482
651,284,704,231
588,163,434,317
138,487,402,223
236,100,417,-81
447,74,815,-294
777,441,182,1036
501,28,895,-366
75,58,431,-298
890,845,803,932
453,420,362,511
413,685,324,774
481,149,783,-153
136,361,824,-327
192,974,640,526
382,786,135,1033
722,929,992,659
720,749,851,618
646,776,643,779
933,463,784,612
40,184,514,-290
494,32,523,3
399,160,225,334
521,331,8,844
127,895,758,264
98,322,395,25
204,474,130,548
819,201,90,930
860,723,12,1571
808,916,430,1294
605,669,468,806
975,906,143,1738
392,280,71,601
495,653,320,828
960,362,285,1037
808,626,261,1173
510,415,5,920
978,962,431,1509
53,598,206,445
793,837,345,1285
366,441,375,432
751,871,938,684
655,665,408,912
154,459,726,-113
20,265,769,-484
529,638,222,945
163,307,6,464
706,59,567,198
557,800,43,1314
922,170,405,687
658,469,776,351
788,478,262,1004
42,907,152,797
446,567,568,445
430,505,322,613
471,749,436,784
273,252,657,-132
540,377,359,558
996,913,22,1887
632,317,609,340
376,726,484,618
864,851,28,1687
992,16,542,466
178,70,420,-172
116,181,878,-581
693,149,781,61
567,867,521,913
944,731,151,1524
289,21,903,-593
127,507,694,-60
474,173,580,67
414,259,113,560
157,301,313,145
929,842,789,982
912,401,197,1116
335,992,899,428
355,239,781,-187
445,902,619,728
294,973,716,551
441,384,359,466
449,230,106,573
785,374,640,519
628,344,995,-23
649,962,7,1604
455,814,508,761
55,278,903,-570
545,739,411,873
75,179,768,-514
384,117,984,-483
576,80,482,174
634,634,906,362
95,209,300,4
970,654,22,1602
580,638,482,736
159,68,948,-721
746,576,528,794
424,57,738,-257
742,704,296,1150
688,784,13,1459
141,781,920,2
289,108,819,-422
956,62,30,988
195,825,735,285
775,537,547,765
362,787,769,380
261,244,478,27
201,995,344,852
394,151,391,154
289,550,475,364
582,450,553,479
613,661,607,667
487,133,906,-286
460,197,169,488
298,185,821,-338
259,148,62,345
403,464,425,442
437,772,419,790
523,757,472,808
761,263,560,464
222,537,601,158
350,77,6,421
941,757,344,1354
214,564,463,315
139,5,182,-38
150,395,452,93
450,419,353,516
560,188,837,-89
585,94,235,444
444,578,193,829
60,142,937,-735
470,729,875,324
686,226,130,782
158,558,577,139
587,183,460,310
329,217,35,511
13,328,138,203
940,987,586,1341
951,200,695,456
660,972,77,1555
794,844,751,887
805,744,810,739
569,166,641,94
387,658,770,275
990,183,978,195
938,367,395,910
894,939,53,1780
799,641,15,1425
967,890,286,1571
708,611,725,594
916,235,611,540
766,8,757,17
519,371,733,157
611,1,174,438
918,564,672,810
822,114,188,748
110,521,165,466
10,78,715,-627
493,106,642,-43
322,854,457,719
65,740,69,736
22,136,870,-712
310,28,258,80
866,340,331,875
819,34,343,510
942,408,657,693
115,501,951,-335
475,368,391,452
916,198,238,876
380,631,27,984
884,882,307,1459
120,150,580,-310
725,667,52,1340
371,48,522,-103
195,205,109,291
812,510,851,471
288,736,126,898
798,557,460,895
344,73,858,-441
723,811,285,1249
251,692,337,606
334,687,70,951
59,294,259,94
8,659,948,-281
61,743,805,-1
354,927,644,637
82,283,235,130
750,751,862,639
806,992,338,1460
711,670,391,990
497,886,821,562
64,663,124,603
870,568,289,1149
525,5,559,-29
743,447,189,1001
915,938,427,1426
276,223,431,68
190,435,124,501
362,272,126,508
176,72,68,180
625,85,466,244
586,42,90,538
227,329,763,-207
620,104,836,-112
536,722,234,1024
747,814,798,763
167,586,244,509
56,871,996,-69
456,346,853,-51
774,150,439,485
202,973,792,383
844,646,939,551
638,912,950,600
601,807,736,672
869,65,241,693
459,153,688,-76
585,253,435,403
571,189,662,98
112,718,165,665
702,289,427,564
123,578,557,144
618,701,863,456
134,94,335,-107
543,317,887,-27
318,552,202,668
599,79,374,304
356,52,762,-354
700,667,807,560
196,695,657,234
870,919,375,1414
417,428,243,602
378,438,188,628
78,202,661,-381
937,743,528,1152
409,421,514,316
497,407,546,358
986,199,481,704
12,337,600,-251
293,252,770,-225
187,132,817,-498
462,284,450,296
161,952,905,208
324,50,415,-41
757,414,896,275
572,350,836,86
716,878,798,796
995,399,878,516
477,915,656,736
975,381,211,1145
673,603,113,1163
282,804,394,692
788,784,57,1515
628,812,588,852
607,808,821,594
855,975,557,1273
589,462,760,291
424,797,190,1031
672,876,853,695
727,269,330,666
597,290,237,650
745,341,528,558
21,694,376,339
146,181,123,204
828,569,675,722
222,585,320,487
53,286,661,-322
929,134,127,936
374,617,868,123
967,892,599,1260
616,610,219,1007
618,219,180,657
806,397,482,721
904,633,202,1335
296,399,112,583
308,364,833,-161
473,692,425,740
635,570,992,213
382,669,350,701
273,555,596,232
443,312,905,-150
467,882,728,621
809,477,725,561
454,369,515,308
177,765,466,476
901,559,838,622
941,646,876,711
788,114,148,754
630,509,266,873
271,824,368,727
989,242,307,924
481,39,533,-13
627,408,416,619
986,855,632,1209
510,17,86,441
753,292,33,1012
238,511,685,64
863,317,522,658
370,841,191,1020
572,824,63,1333
473,192,420,245
881,571,318,1134
136,381,937,-420
675,715,648,742
397,381,645,133
219,203,910,-488
921,512,447,986
143,662,764,41
781,835,468,1148
5,358,981,-618
979,369,760,588
623,662,741,544
497,134,611,20
861,673,519,1015
775,91,855,11
283,85,521,-153
464,68,751,-219
441,287,776,-48
320,962,259,1023
321,89,150,260
61,906,239,728
458,161,556,63
382,265,90,557
301,323,262,362
119,983,645,457
949,180,448,681
203,538,176,565
187,496,827,-144
759,764,892,631
962,349,364,947
636,396,427,605
776,771,917,630
587,499,52,1034
393,528,68,853
898,445,96,1247
892,934,193,1633
234,473,378,329
513,318,967,-136
207,911,707,411
877,840,752,965
466,570,407,629
530,232,222,540
810,560,221,1149
282,680,496,466
393,122,563,-48
150,355,400,105
750,432,767,415
302,623,513,412
78,999,981,96
605,990,955,640
908,144,914,138
561,814,886,489
892,725,83,1534
794,896,462,1228
64,13,235,-158
208,909,370,747
753,414,66,1101
510,342,513,339
132,694,503,323
54,993,582,465
14,153,97,70
942,475,373,1044
644,861,191,1314
443,962,218,1187
764,404,316,852
824,362,934,252
915,807,133,1589
631,359,405,585
738,452,618,572
522,905,94,1333
513,961,903,571
327,834,501,660
602,18,333,287
359,214,307,266
733,599,316,1016
991,648,155,1484
293,655,759,189
307,343,358,292
959,515,271,1203
40,625,993,-328
766,842,271,1337
119,836,803,152
409,606,572,443
984,990,504,1470
20,262,169,113
120,4,489,-365
385,528,408,505
335,305,895,-255
487,172,945,-286
685,847,33,1499
185,278,23,440
602,657,262,997
833,79,627,285
737,293,916,114
137,584,72,649
995,368,848,515
277,718,447,548
308,396,329,375
892,697,98,1491
982,34,834,182
213,838,969,82
752,805,535,1022
401,122,870,-347
621,894,350,1165
896,496,222,1170
467,670,238,899
616,884,102,1398
845,389,274,960
616,833,256,1193
743,389,190,942
354,496,838,12
379,494,618,255
954,993,837,1110
956,104,353,707
325,289,813,-199
921,518,498,941
462,156,796,-178
808,565,337,1036
708,902,481,1129
552,392,648,296
37,717,176,578
980,8,171,817
708,874,265,1317
437,324,47,714
656,374,326,704
72,979,164,887
432,72,925,-421
884,947,2,1829
724,144,183,685
637,945,895,687
337,584,319,602
370,613,665,318
956,115,213,858
511,791,57,1245
823,323,394,752
104,393,440,57
332,517,356,493
16,447,245,218
255,411,500,166
684,725,515,894
670,63,118,615
724,773,552,945
886,434,379,941
941,388,738,591
624,972,878,718
314,101,555,-140
797,76,401,472
888,720,479,1129
949,145,649,445
230,173,580,-177
578,417,84,911
561,690,633,618
733,535,345,923
804,915,679,1040
677,73,34,716
831,461,966,326
982,943,494,1431
928,962,181,1709
69,861,391,539
123,676,668,131
925,522,140,1307
332,83,678,-263
102,257,121,238
428,196,118,506
839,77,374,542
902,288,315,875
601,4,245,360
343,500,268,575
973,335,909,399
22,138,249,-89
417,837,900,354
485,818,886,417
799,202,962,39
707,440,928,219
159,409,981,-413
503,994,945,552
481,904,392,993
601,409,980,30
660,746,197,1209
969,224,19,1174
648,984,276,1356
601,453,82,972
845,722,250,1317
77,113,626,-436
799,64,348,515
53,438,485,6
918,932,852,998
90,527,804,-187
888,429,69,1248
71,703,117,657
368,510,905,-27
271,276,609,-62
534,424,404,554
371,870,926,315
40,163,218,-15
112,642,292,462
300,65,330,35
92,602,316,378
913,241,987,167
554,845,490,909
196,602,535,263
568,937,206,1299
832,55,172,715
204,492,174,522
867,530,689,708
555,4,417,142
342,841,256,927
193,594,837,-50
500,250,757,-7
158,643,359,442
976,744,758,962
756,442,618,580
8,588,938,-342
710,810,273,1247
224,841,787,278
39,99,74,64
949,912,701,1160
807,354,865,296
494,310,460,344
356,619,414,561
679,4,792,-109
773,145,358,560
538,408,482,464
960,924,50,1834
325,123,688,-240
378,494,433,439
26,606,37,595
382,627,163,846
191,681,898,-26
850,346,763,433
667,566,254,979
545,389,425,509
170,686,647,209
562,112,174,500
571,322,418,475
845,609,735,719
190,998,345,843
119,994,678,435
273,20,616,-323
729,669,112,1286
122,992,340,774
994,909,617,1286
283,324,91,516
197,750,139,808
853,589,398,1044
763,783,486,1060
286,639,338,587
457,769,967,259
904,897,381,1420
865,972,426,1411
655,137,191,601
21,346,439,-72
769,92,741,120
849,706,507,1048
177,414,744,-153
708,334,658,384
363,968,969,362
285,982,449,818
7,279,418,-132
684,41,149,576
537,160,56,641
29,952,982,-1
890,629,114,1405
402,456,183,675
855,829,96,1588
518,408,370,556
309,829,244,894
391,549,893,47
219,697,891,25
966,937,955,948
429,214,637,6
523,932,980,475
834,953,415,1372
196,821,289,728
687,835,683,839
549,500,469,580
464,292,395,361
790,769,315,1244
641,380,438,583
835,485,405,915
340,265,295,310
405,294,550,149
161,311,834,-362
92,300,530,-138
307,80,688,-301
69,698,659,108
673,715,169,1219
809,114,655,268
84,27,861,-750
775,747,336,1186
394,94,368,120
730,480,917,293
509,520,446,583
521,822,415,928
527,585,973,139
499,814,624,689
513,580,829,264
818,497,255,1060
830,320,265,885
399,130,650,-121
840,251,872,219
243,739,809,173
89,573,566,96
60,787,702,145
748,238,232,754
640,25,981,-316
252,365,832,-215
895,571,365,1101
696,264,544,416
54,768,644,178
348,237,432,153
362,698,333,727
388,806,867,327
55,955,93,917
477,862,570,769
572,405,892,85
488,290,361,417
396,416,999,-187
71,808,702,177
40,183,61,162
145,563,270,438
148,533,225,456
941,922,874,989
917,830,25,1722
538,488,659,367
507,152,61,598
449,775,722,502
720,298,482,536
319,233,635,-83
561,809,188,1182
68,845,154,759
408,228,184,452
493,88,788,-207
416,298,106,608
528,32,468,92
817,609,123,1303
292,446,280,458
874,418,220,1072
444,108,906,-354
50,756,651,155
191,414,771,-166
88,606,873,-179
763,668,683,748
669,263,7,925
746,993,433,1306
497,298,314,481
88,24,266,-154
665,737,174,1228
366,432,273,525
16,62,513,-435
33,420,142,311
677,54,562,169
665,597,959,303
418,189,794,-187
513,167,606,74
489,146,704,-69
6,630,427,209
210,663,221,652
417,660,736,341
706,212,738,180
85,708,682,111
479,371,176,674
986,625,560,1051
782,506,874,414
595,339,827,107
508,568,144,932
929,536,542,923
301,394,149,546
347,23,436,-66
515,657,960,212
925,733,744,914
697,629,950,376
210,971,337,844
252,463,977,-262
971,120,550,541
930,626,412,1144
2,526,693,-165
181,334,846,-331
476,762,415,823
761,948,939,770
519,422,848,93
658,878,365,1171
101,433,942,-408
193,901,956,138
655,384,586,453
74,92,899,-733
962,481,607,836
935,378,185,1128
754,100,652,202
307,525,730,102
660,314,856,118
32,211,471,-228
96,784,809,71
794,291,485,600
609,192,706,95
22,621,965,-322
888,975,34,1829
258,600,883,-25
199,537,358,378
675,397,911,161
963,122,901,184
874,590,241,1223
457,416,493,380
825,650,700,775
362,79,394,47
379,244,647,-24
931,14,472,473
969,948,42,1875
785,726,323,1188
586,779,950,415
393,850,652,591
432,676,729,379
833,486,194,1125
643,619,807,455
339,705,803,241
224,128,481,-129
77,121,933,-735
864,286,924,226
976,762,626,1112
53,497,701,-151
987,930,337,1580
576,691,298,969
569,814,844,539
428,10,7,431
477,27,999,-495
227,817,701,343
32,26,154,-96
376,339,973,-258
405,125,835,-305
497,234,208,523
799,275,921,153
660,289,640,309
499,665,748,416
603,278,136,745
868,325,333,860
886,412,707,591
94,264,429,-71
653,997,81,1569
684,51,345,390
289,419,826,-118
810,859,934,735
156,436,646,-54
770,580,675,675
180,951,429,702
679,717,516,880
261,240,374,127
436,127,907,-344
562,308,11,859
193,808,107,894
844,376,567,653
827,197,131,893
512,759,388,883
605,388,80,913
101,208,339,-30
668,21,382,307
231,794,722,303
668,783,483,968
222,913,847,288
125,592,835,-118
586,376,217,745
494,705,475,724
379,20,648,-249
542,467,941,68
853,44,492,405
637,16,366,287
729,504,760,473
200,970,14,1156
94,185,903,-624
908,591,310,1189
183,625,54,754
862,738,793,807
39,890,576,353
227,475,928,-226
104,482,787,-201
563,761,527,797
499,774,448,825
831,471,309,993
354,780,453,681
200,278,578,-100
500,545,408,637
378,952,589,741
327,504,311,520
551,375,344,582
254,751,502,503
742,59,262,539
787,98,346,539
536,6,379,163
981,510,922,569
128,773,242,659
416,523,141,798
219,693,137,775
866,190,39,1017
764,972,760,976
403,161,314,250
823,72,74,821
849,269,644,474
9,172,645,-464
998,723,51,1670
924,662,429,1157
474,864,366,972
340,830,276,894
87,330,555,-138
560,161,929,-208
639,107,945,-199
625,997,576,1046
431,821,695,557
926,565,949,542
748,591,395,944
62,7,988,-919
594,710,164,1140
55,941,804,192
766,585,291,1060
255,484,405,334
510,893,69,1334
153,526,727,-48
48,707,803,-48
744,241,426,559
262,118,396,-16
342,887,540,689
331,518,337,512
801,830,890,741
646,964,493,1117
133,698,821,10
611,118,161,568
919,76,617,378
229,14,108,135
156,908,393,671
616,13,652,-23
585,582,409,758
429,562,426,565
712,25,405,332
445,507,932,20
24,683,450,257
653,630,627,656
338,254,385,207
382,71,738,-285
954,842,905,891
982,412,71,1323
11,234,317,-72
915,620,398,1137
584,258,670,172
852,842,677,1017
229,585,659,155
491,841,982,350
374,925,102,1197
175,403,333,245
846,132,734,244
575,456,231,800
956,139,654,441
455,223,57,621
564,329,198,695
948,675,495,1128
284,467,403,348
299,317,576,40
350,595,816,129
934,219,410,743
55,552,716,-109
111,523,939,-305
836,996,262,1570
884,409,816,477
707,245,779,173
400,217,331,286
693,78,697,74
609,937,216,1330
697,976,167,1506
307,773,131,949
120,679,625,174
789,424,2,1211
156,593,330,419
349,385,510,224
377,303,737,-57
207,12,790,-571
688,582,589,681
317,920,872,365
820,609,43,1386
524,164,400,288
565,332,755,142
475,729,998,206
193,792,856,129
222,252,289,185
2,215,501,-284
831,225,463,593
3,416,67,352
166,373,881,-342
686,553,2,1237
440,641,129,952
2,951,284,669
156,893,987,62
32,6,538,-500
420,355,474,301
629,337,366,600
803,510,63,1250
80,565,402,243
156,839,597,398
957,238,566,629
349,187,409,127
22,624,436,210
972,795,75,1692
236,172,129,279
20,193,579,-366
127,922,880,169
671,764,768,667
576,575,965,186
553,741,387,907
226,253,190,289
758,666,708,716
885,476,312,1049
579,89,691,-23
320,454,964,-190
967,343,872,438
536,920,395,1061
734,647,469,912
401,936,345,992
584,682,856,410
407,586,710,283
641,854,341,1154
139,981,650,470
710,626,726,610
864,250,71,1043
135,795,483,447
670,218,987,-99
660,400,337,723
273,250,982,-459
682,518,905,295
374,641,35,980
475,480,313,642
439,105,604,-60
128,935,225,838
551,833,482,902
914,846,853,907
487,907,544,850
715,591,943,363
247,732,251,728
155,477,824,-192
882,663,750,795
864,243,724,383
227,147,448,-74
750,785,175,1360
958,535,318,1175
875,125,203,797
326,364,251,439
490,824,26,1288
849,172,407,614
600,839,549,890
467,681,392,756
944,124,972,96
205,71,181,95
646,568,852,362
852,278,984,146
294,281,364,211
68,163,88,143
776,173,606,343
68,635,833,-130
850,493,26,1317
554,903,438,1019
437,318,818,-63
52,225,288,-11
397,644,601,440
185,248,163,270
807,676,10,1473
587,999,3,1583
585,447,448,584
63,776,333,506
279,822,69,1032
301,894,244,951
958,101,294,765
313,825,114,1024
538,822,336,1024
694,166,918,-58
439,195,632,2
738,875,194,1419
502,893,757,638
500,908,992,416
750,929,783,896
285,562,17,830
14,775,211,578
81,799,803,77
201,23,462,-238
686,770,993,463
371,336,863,-156
440,300,190,550
361,855,650,566
314,942,8,1248
786,862,152,1496
117,767,254,630
584,359,532,411
217,460,518,159
765,700,68,1397
57,51,312,-204
893,675,767,801
782,746,126,1402
458,305,702,61
502,303,919,-114
141,352,38,455
854,339,475,718
816,209,924,101
744,810,735,819
85,163,397,-149
561,608,786,383
12,765,529,248
941,864,549,1256
757,737,678,816
37,773,996,-186
98,298,75,321
985,14,877,122
158,409,514,53
122,626,499,249
468,70,320,218
472,872,325,1019
5,631,409,227
361,845,546,660
647,678,501,824
488,785,695,578
427,519,539,407
866,48,64,850
932,195,303,824
774,47,392,429
815,251,702,364
154,465,95,524
248,592,377,463
191,790,411,570
445,321,389,377
201,127,854,-526
601,400,4,997
789,584,691,682
88,362,468,-18
40,842,647,235
51,534,85,500
114,879,914,79
370,761,467,664
159,198,682,-325
431,577,25,983
602,827,485,944
593,968,120,1441
961,323,447,837
892,477,379,990
412,968,355,1025
455,404,967,-108
361,948,538,771
608,241,804,45
827,528,656,699
422,732,490,664
825,701,697,829
674,704,553,825
816,667,369,1114
783,88,154,717
993,536,354,1175
368,635,257,746
200,368,237,331
701,171,458,414
556,395,963,-12
507,987,580,914
545,809,845,509
881,295,608,568
525,288,739,74
151,357,338,170
63,179,40,202
590,361,668,283
102,941,573,470
541,929,60,1410
958,986,587,1357
516,444,263,697
335,349,381,303
79,654,766,-33
278,104,774,-392
531,909,683,757
516,7,4,519
81,326,968,-561
177,409,802,-216
652,495,845,302
721,978,135,1564
867,427,700,594
748,730,842,636
776,644,952,468
57,693,797,-47
228,687,431,484
839,776,74,1541
494,842,973,363
14,847,894,-33
336,498,134,700
24,268,578,-286
720,562,829,453
906,369,213,1062
422,371,808,-15
866,937,642,1161
756,870,181,1445
585,750,481,854
798,181,715,264
156,709,944,-79
83,173,503,-247
935,599,840,694
375,414,833,-44
487,322,359,450
589,609,637,561
924,157,951,130
870,433,948,355
783,535,656,662
903,652,278,1277
716,430,526,620
992,710,986,716
779,704,943,540
89,985,988,86
444,121,40,525
454,402,969,-113
650,719,685,684
890,58,604,344
413,660,54,1019
946,937,943,940
493,518,409,602
417,495,401,511
101,194,678,-383
180,492,616,56
824,135,223,736
472,275,927,-180
206,534,873,-133
886,117,131,872
986,525,577,934
6,769,41,734
19,205,88,136
3,84,903,-816
634,13,512,135
178,405,394,189
530,2,806,-274
140,65,180,25
662,292,31,923
430,773,260,943
874,913,226,1561
562,311,300,573
500,902,540,862
679,117,701,95
885,147,262,770
824,403,314,913
465,923,262,1126
636,713,725,624
8,477,788,-303
55,751,262,544
610,249,18,841
171,279,976,-526
915,900,101,1714
725,20,166,579
912,237,139,1010
317,775,28,1064
193,48,90,151
330,234,133,431
852,181,966,67
157,847,570,434
572,617,58,1131
91,7,202,-104
14,447,589,-128
139,468,839,-232
848,108,682,274
811,965,723,1053
105,846,701,250
223,605,499,329
528,647,734,441
807,542,628,721
394,289,563,120
737,225,97,865
945,676,667,954
158,722,744,136
79,478,310,247
499,664,514,649
988,625,279,1334
335,10,50,295
830,34,9,855
273,384,8,649
919,533,384,1068
637,630,802,465
991,302,396,897
95,413,497,11
956,834,610,1180
380,185,38,527
775,120,915,-20
489,955,85,1359
180,423,558,45
668,400,472,596
537,378,95,820
645,936,585,996
534,637,424,747
665,489,352,802
432,118,316,234
689,122,224,587
48,762,142,668
686,302,603,385
87,980,811,256
825,430,646,609
472,282,491,263
330,456,577,209
900,623,656,867
976,31,181,826
792,486,732,546
973,273,595,651
155,359,875,-361
856,484,774,566
524,929,890,563
422,579,364,637
214,567,391,390
813,408,89,1132
596,685,966,315
25,973,328,670
70,728,238,560
473,542,129,886
559,518,946,131
404,588,980,12
769,274,518,525
394,984,145,1233
27,887,884,30
290,898,30,1158
447,710,799,358
208,313,135,386
389,433,959,-137
55,551,718,-112
45,618,604,59
705,149,500,354
740,590,1,1329
136,215,748,-397
615,851,117,1349
944,29,844,129
159,607,4,762
642,170,785,27
804,703,510,997
768,534,466,836
557,132,72,617
187,369,888,-332
980,304,288,996
173,92,98,167
405,455,983,-123
881,913,274,1520
406,585,184,807
464,979,426,1017
79,934,333,680
287,908,760,435
399,373,107,665
357,78,752,-317
565,440,489,516
887,930,440,1377
611,500,831,280
195,758,887,66
274,69,14,329
993,25,961,57
471,844,430,885
92,558,921,-271
800,455,626,629
480,928,214,1194
514,733,175,1072
716,788,111,1393
648,341,223,766
966,140,312,794
673,209,585,297
148,734,712,170
229,784,352,661
648,127,603,172
568,161,89,640
641,779,644,776
635,733,976,392
314,958,219,1053
893,737,674,956
961,140,617,484
421,707,431,697
855,39,651,243
401,666,655,412
918,173,645,446
451,853,668,636
168,915,985,98
204,780,220,764
73,700,329,444
166,411,853,-276
511,60,675,-104
734,668,70,1332
44,458,909,-407
485,296,438,343
971,999,654,1316
711,889,484,1116
485,772,202,1055
90,400,901,-411
197,785,78,904
524,340,970,-106
276,940,411,805
573,412,11,974
571,353,896,28
522,485,829,178
639,216,560,295
99,758,670,187
62,478,809,-269
133,20,984,-831
494,490,331,653
389,87,57,419
943,721,948,716
527,900,513,914
347,623,692,278
178,187,12,353
323,136,384,75
874,693,76,1491
168,649,876,-59
34,461,406,89
793,480,813,460
665,182,441,406
935,514,949,500
307,925,153,1079
155,220,887,-512
203,945,802,346
517,336,667,186
709,920,474,1155
794,178,657,315
958,442,763,637
78,536,618,-4
692,163,769,86
368,282,614,36
472,347,689,130
261,23,791,-507
302,973,914,361
663,739,796,606
9,793,462,340
869,982,175,1676
810,329,265,874
116,929,971,74
439,239,341,337
161,211,32,340
91,204,379,-84
888,729,549,1068
923,677,768,832
236,282,861,-343
277,675,852,100
537,412,293,656
27,572,351,248
980,606,110,1476
833,980,180,1633
960,326,98,1188
880,374,962,292
660,998,969,689
770,350,631,489
669,148,412,405
408,194,667,-65
202,620,841,-19
673,335,524,484
341,756,880,217
196,346,198,344
164,127,229,62
705,520,379,846
673,437,185,925
854,12,232,634
935,793,389,1339
924,196,552,568
684,432,313,803
802,769,481,1090
387,555,96,846
806,131,999,-62
44,781,803,22
514,346,83,777
741,212,858,95
974,710,196,1488
223,586,702,107
94,238,611,-279
144,840,835,149
207,138,706,-361
232,762,794,200
282,809,422,669
787,440,25,1202
861,219,748,332
905,21,826,100
276,128,949,-545
505,793,756,542
316,687,923,80
351,405,912,-156
900,50,849,101
594,427,773,248
559,65,277,347
922,982,302,1602
648,972,351,1269
292,204,472,24
409,123,737,-205
787,520,792,515
678,876,448,1106
887,776,808,855
547,451,668,330
858,656,20,1494
463,866,613,716
28,689,206,511
311,428,998,-259
833,292,115,1010
169,457,226,400
681,196,177,700
313,281,240,354
358,954,530,782
254,462,649,67
2,76,524,-446
155,250,563,-158
903,704,798,809
351,769,544,576
400,770,730,440
240,553,668,125
456,835,98,1193
970,824,553,1241
947,227,159,1015
691,684,232,1143
44,443,982,-495
26,805,103,728
867,956,354,1469
991,738,276,1453
325,733,836,222
576,343,239,680
871,324,699,496
947,123,708,362
822,597,205,1214
651,664,52,1263
658,808,267,1199
816,252,611,457
882,854,760,976
28,595,211,412
396,107,892,-389
469,822,737,554
263,89,461,-109
66,155,520,-299
443,986,111,1318
676,909,180,1405
853,266,46,1073
29,312,756,-415
596,798,888,506
733,59,243,549
728,700,914,514
169,744,249,664
13,421,692,-258
134,507,166,475
337,753,909,181
24,531,145,410
835,379,243,971
210,843,773,280
288,681,15,954
377,629,863,143
661,472,837,296
936,915,306,1545
792,643,182,1253
128,842,77,893
228,978,378,828
788,274,538,524
338,171,200,309
767,638,36,1369
389,304,182,511
139,381,284,236
749,370,688,431
597,272,77,792
451,92,875,-332
161,533,955,-261
318,709,223,804
255,741,533,463
66,260,745,-419
629,165,18,776
266,838,901,203
596,84,196,484
546,956,825,677
852,560,467,945
326,445,267,504
527,787,419,895
828,54,795,87
56,40,306,-210
456,214,55,615
906,401,686,621
536,123,614,45
522,756,888,390
645,7,178,474
905,873,641,1137
832,187,18,1001
410,877,146,1141
177,99,967,-691
919,913,90,1742
452,80,853,-321
252,617,526,343
836,819,118,1537
79,222,222,79
539,862,450,951
825,455,605,675
534,474,980,28
337,168,61,444
420,507,572,355
574,973,934,613
483,391,631,243
64,180,118,126
975,367,58,1284
549,214,682,81
897,376,469,804
291,995,177,1109
206,809,756,259
907,547,670,784
439,353,391,401
546,60,38,568
286,981,141,1126
144,538,222,460
895,716,260,1351
358,193,100,451
997,841,522,1316
196,797,629,364
183,49,846,-614
376,832,420,788
877,889,113,1653
256,55,579,-268
907,79,85,901
467,24,337,154
243,41,72,212
618,895,456,1057
399,882,135,1146
780,936,550,1166
297,27,5,319
412,999,354,1057
764,144,302,606
706,107,129,684
569,369,891,47
939,194,144,989
728,508,974,262
611,396,706,301
487,39,448,78
875,695,543,1027
915,216,493,638
343,214,310,247
658,673,777,554
871,618,316,1173
31,491,520,2
581,436,222,795
267,493,417,343
298,432,957,-227
740,49,264,525
78,836,371,543
267,323,970,-380
837,966,135,1668
98,435,92,441
163,108,391,-120
579,364,716,227
150,433,140,443
698,846,977,567
17,980,769,228
38,340,107,271
82,69,645,-494
619,902,150,1371
875,572,886,561
326,969,173,1122
732,513,664,581
844,376,29,1191
344,10,541,-187
110,890,20,980
688,490,469,709
909,958,414,1453
885,598,637,846
164,87,537,-286
225,593,284,534
230,920,243,907
751,73,803,21
80,437,991,-474
726,298,96,928
842,816,386,1272
678,560,998,240
213,988,358,843
613,220,727,106
950,183,697,436
483,213,291,405
987,772,209,1550
892,565,988,469
964,823,860,927
511,333,291,553
325,617,645,297
517,382,164,735
942,192,583,551
964,824,960,828
705,687,916,476
528,94,118,504
507,100,295,312
782,760,627,915
324,43,463,-96
976,642,571,1047
418,628,16,1030
267,833,279,821
309,978,195,1092
467,703,464,706
727,221,818,130
440,330,839,-69
746,354,678,422
915,886,968,833
108,890,524,474
722,874,994,602
696,793,658,831
178,213,83,308
646,488,308,826
509,757,770,496
18,598,1,615
3,931,54,880
72,510,968,-386
948,659,188,1419
302,990,907,385
130,419,897,-348
883,777,880,780
655,488,48,1095
965,812,542,1235
430,347,804,-27
819,339,747,411
205,579,561,223
142,803,138,807
412,291,823,-120
403,487,390,500
838,681,372,1147
141,127,517,-249
809,805,121,1493
836,405,477,764
405,999,598,806
621,355,89,887
639,259,32,866
664,436,595,505
959,949,459,1449
88,31,791,-672
43,278,193,128
671,207,867,11
865,316,969,212
159,617,522,254
474,586,621,439
215,968,510,673
804,583,609,778
360,240,916,-316
553,950,407,1096
966,589,980,575
714,821,89,1446
742,434,521,655
935,392,360,967
87,936,33,990
407,332,827,-88
235,843,535,543
533,449,662,320
100,398,578,-80
979,147,275,851
213,789,345,657
404,821,540,685
852,663,105,1410
221,753,471,503
675,976,939,712
264,605,722,147
768,869,721,916
662,676,971,367
852,432,31,1253
107,282,720,-331
162,345,325,182
933,927,317,1543
806,347,618,535
753,85,206,632
839,835,831,843
805,214,724,295
590,794,236,1148
945,262,952,255
989,699,442,1246
219,961,492,688
908,260,702,466
471,730,270,931
377,840,217,1000
143,786,65,864
960,258,932,286
814,833,194,1453
361,795,331,825
366,987,304,1049
701,920,700,921
380,515,851,44
513,806,188,1131
205,814,857,162
129,172,604,-303
456,232,257,431
604,888,169,1323
619,590,439,770
679,664,900,443
891,855,700,1046
581,820,470,931
749,641,122,1268
817,992,369,1440
16,904,430,490
878,443,662,659
637,840,632,845
740,153,607,286
540,401,250,691
643,160,168,635
995,630,127,1498
596,561,929,228
609,431,614,426
422,974,50,1346
233,903,316,820
488,577,114,951
253,891,160,984
111,389,136,364
280,626,71,835
336,22,910,-552
692,377,916,153
731,950,224,1457
969,969,92,1846
354,600,385,569
469,91,186,374
538,984,726,796
632,544,74,1102
203,923,587,539
549,323,357,515
554,505,54,1005
578,355,400,533
548,483,36,995
193,150,883,-540
279,304,842,-259
444,493,456,481
922,220,503,639
112,462,269,305
198,316,681,-167
906,540,764,682
148,904,759,293
564,746,306,1004
258,630,436,452
950,350,561,739
782,665,836,611
305,458,225,538
389,213,297,305
263,247,838,-328
191,396,834,-247
927,141,181,887
129,425,9,545
267,876,374,769
567,598,812,353
160,961,189,932
167,155,229,93
651,87,600,138
929,364,742,551
313,980,290,1003
464,168,129,503
634,590,832,392
951,729,860,820
77,913,214,776
109,932,541,500
408,944,786,566
909,744,60,1593
125,430,379,176
468,8,576,-100
189,37,768,-542
267,800,19,1048
210,800,131,879
462,48,638,-128
493,720,577,636
132,390,539,-17
194,848,568,474
4,41,14,31
490,627,346,771
965,267,792,440
613,227,261,579
257,583,101,739
105,765,114,756
180,877,375,682
111,999,396,714
727,262,464,525
757,233,458,532
954,342,962,334
312,185,900,-403
595,414,618,391
746,456,723,479
512,459,393,578
530,20,209,341
472,585,324,733
607,737,512,832
28,926,983,-29
974,969,267,1676
199,217,837,-421
701,6,400,307
868,986,374,1480
862,100,186,776
179,906,477,608
897,836,42,1691
523,701,459,765
157,303,242,218
500,8,841,-333
666,163,516,313
529,529,339,719
295,744,32,1007
299,14,156,157
100,330,34,396
432,531,440,523
557,540,484,613
421,550,78,893
845,37,876,6
554,797,937,414
837,685,750,772
149,67,863,-647
462,845,421,886
120,210,312,18
310,947,666,591
274,608,816,66
722,249,773,198
523,257,662,118
791,525,587,729
670,380,632,418
503,74,853,-276
859,592,848,603
389,825,56,1158
874,568,989,453
96,567,949,-286
59,457,779,-263
287,170,119,338
344,276,155,465
307,362,15,654
468,777,314,931
605,181,748,38
878,969,424,1423
773,890,66,1597
742,157,124,775
421,999,546,874
718,452,291,879
763,166,310,619
948,678,320,1306
640,744,250,1134
492,960,390,1062
762,630,529,863
249,677,737,189
7,787,939,-145
889,854,652,1091
137,81,920,-702
299,728,877,150
9,827,473,363
83,170,476,-223
420,160,931,-351
537,835,135,1237
52,303,302,53
334,839,203,970
997,844,92,1749
546,212,330,428
50,770,138,682
135,658,939,-146
567,239,302,504
671,803,806,668
702,959,944,717
226,129,908,-553
354,567,36,885
55,136,718,-527
620,863,999,484
903,589,385,1107
29,375,555,-151
467,441,156,752
18,532,786,-236
277,244,562,-41
506,422,378,550
141,9,753,-603
849,759,244,1364
788,634,476,946
192,846,387,651
141,14,664,-509
98,478,17,559
923,859,994,788
663,728,619,772
116,176,826,-534
253,570,334,489
500,3,886,-383
592,150,4,738
509,391,132,768
559,615,197,977
265,492,821,-64
300,997,546,751
115,573,950,-262
443,392,455,380
132,539,324,347
675,128,248,555
538,803,136,1205
873,377,162,1088
856,21,31,846
345,858,864,339
610,580,505,685
1,916,77,840
78,266,666,-322
543,227,46,724
736,322,708,350
417,70,796,-309
294,559,344,509
263,382,416,229
517,71,649,-61
251,529,162,618
921,189,508,602
417,984,929,472
831,499,489,841
88,200,238,50
312,128,404,36
879,503,74,1308
119,920,491,548
78,477,927,-372
803,512,497,818
554,154,872,-164
39,323,436,-74
409,400,767,42
73,578,565,86
534,621,850,305
615,993,746,862
864,839,122,1581
110,250,780,-420
775,601,503,873
888,507,337,1058
536,458,527,467
285,139,582,-158
167,547,388,326
881,813,939,755
826,778,498,1106
643,577,817,403
853,560,637,776
484,735,295,924
396,749,105,1040
751,653,168,1236
941,717,521,1137
400,911,547,764
913,360,647,626
338,312,822,-172
948,318,957,309
922,328,506,744
191,109,52,248
158,13,86,85
10,690,948,-248
430,246,459,217
697,580,903,374
423,271,286,408
508,609,358,759
780,988,577,1191
404,636,120,920
854,110,410,554
592,751,40,1303
495,282,982,-205
975,270,342,903
947,452,450,949
585,999,581,1003
625,551,292,884
749,209,843,115
903,759,373,1289
481,825,744,562
418,557,687,288
364,508,80,792
506,4,639,-129
173,94,739,-472
898,522,74,1346
597,904,474,1027
370,950,907,413
516,735,273,978
469,268,50,687
639,658,775,522
684,529,4,1209
959,853,825,987
16,181,124,73
663,229,598,294
597,725,436,886
457,840,421,876
219,889,164,944
511,559,707,363
935,440,793,582
112,465,461,116
997,288,533,752
278,665,489,454
712,275,609,378
220,611,735,96
71,653,429,295
288,789,195,882
840,406,479,767
572,888,599,861
348,30,187,191
660,746,151,1255
819,722,847,694
38,248,421,-135
292,527,273,546
554,836,280,1110
876,272,79,1069
317,993,412,898
668,5,935,-262
344,235,478,101
253,66,980,-661
329,356,316,369
403,554,165,792
330,691,860,161
969,529,651,847
56,276,710,-378
252,493,640,105
152,670,414,408
166,784,64,886
347,347,218,476
383,76,343,116
153,384,60,477
146,959,510,595
489,438,837,90
887,284,397,774
502,363,793,72
874,475,337,1012
333,720,125,928
165,236,945,-544
391,469,497,363
616,376,27,965
288,215,695,-192
787,508,845,450
642,391,903,130
655,277,125,807
931,394,101,1224
65,393,973,-515
462,921,450,933
516,404,181,739
33,100,179,-46
790,188,505,473
183,227,38,372
230,219,742,-293
106,923,935,94
120,1,885,-764
902,824,842,884
532,501,233,800
370,118,247,241
900,501,270,1131
738,885,819,804
895,895,98,1692
215,336,411,140
314,486,856,-56
134,771,122,783
36,880,740,176
866,890,306,1450
939,492,609,822
178,283,741,-280
957,791,509,1239
999,287,360,926
420,27,805,-358
297,90,52,335
303,593,685,211
735,724,461,998
720,537,852,405
813,605,254,1164
614,944,70,1488
523,688,447,764
324,741,434,631
225,356,270,311
22,680,108,594
695,158,405,448
650,1,979,-328
842,566,590,818
489,244,918,-185
84,227,838,-527
537,489,545,481
54,5,138,-79
241,3,901,-657
429,489,670,248
748,455,158,1045
728,466,88,1106
187,896,116,967
472,639,854,257
480,104,638,-54
332,535,819,48
989,842,192,1639
572,364,176,760
477,517,462,532
431,424,335,520
41,459,887,-387
572,890,249,1213
440,584,811,213
426,449,348,527
16,358,133,241
262,602,846,18
232,294,743,-217
449,826,347,928
649,268,919,-2
730,895,523,1102
356,94,177,273
456,533,913,76
343,531,763,111
552,670,431,791
253,515,987,-219
520,923,944,499
763,212,688,287
62,784,414,432
259,843,402,700
243,553,773,23
203,739,476,466
851,127,308,670
50,97,487,-340
596,542,115,1023
148,420,441,127
146,786,494,438
833,422,418,837
676,34,540,170
10,495,505,0
726,714,566,874
283,972,28,1227
625,343,964,4
230,980,476,734
770,444,694,520
326,921,849,398
227,812,681,358
738,28,508,258
247,447,41,653
170,904,559,515
647,730,410,967
615,204,90,729
753,594,257,1090
345,463,387,421
231,757,782,206
411,592,889,114
839,32,201,670
846,240,507,579
14,645,854,-195
783,19,485,317
772,321,683,410
433,920,646,707
368,941,636,673
263,691,104,850
730,902,835,797
791,992,147,1636
337,112,46,403
926,497,336,1087
783,922,523,1182
330,633,790,173
345,616,439,522
647,684,640,691
94,90,669,-485
925,683,450,1158
892,562,988,466
222,835,102,955
946,592,742,796
370,406,837,-61
410,436,493,353
586,629,508,707
333,332,711,-46
285,444,408,321
45,354,13,386
405,808,572,641
223,639,907,-45
619,452,714,357
578,993,733,838
70,816,457,429
979,279,35,1223
354,722,243,833
277,751,789,239
133,365,954,-456
550,576,817,309
469,208,15,662
726,924,647,1003
565,11,273,303
51,201,308,-56
565,400,64,901
106,676,334,448
55,835,888,2
486,568,325,729
312,374,689,-3
238,833,576,495
600,754,399,955
834,498,790,542
367,784,480,671
42,276,519,-201
639,446,922,163
64,189,375,-122
867,543,731,679
561,561,578,544
916,220,194,942
823,36,232,627
796,794,947,643
994,690,136,1548
822,861,706,977
147,226,314,59
99,530,484,145
676,284,54,906
510,601,518,593
961,141,698,404
865,969,446,1388
384,162,935,-389
291,829,834,286
638,167,374,431
248,259,26,481
722,984,157,1549
637,377,585,429
495,102,988,-391
866,7,988,-115
854,536,922,468
779,535,523,791
470,44,962,-448
358,436,514,280
987,977,42,1922
967,933,862,1038
674,347,54,967
685,851,310,1226
969,963,753,1179
64,195,587,-328
63,276,34,305
226,862,733,355
944,25,690,279
758,132,50,840
639,97,179,557
545,641,824,362
399,974,883,490
619,594,675,538
511,829,130,1210
765,37,370,432
79,202,223,58
299,722,941,80
321,403,393,331
11,659,882,-212
356,764,583,537
336,755,743,348
396,253,477,172
434,132,448,118
826,509,650,685
804,213,985,32
201,612,142,671
575,466,899,142
649,793,993,449
889,868,434,1323
131,975,534,572
149,799,208,740
315,755,571,499
422,327,84,665
615,278,582,311
234,42,172,104
869,78,690,257
951,733,45,1639
770,854,828,796
208,376,232,352
466,407,970,-97
140,350,575,-85
623,568,685,506
70,746,808,8
533,563,7,1089
646,273,250,669
26,318,583,-239
893,635,264,1264
555,262,598,219
898,207,621,484
670,776,331,1115
201,925,322,804
912,257,715,454
787,514,381,920
878,355,581,652
482,498,174,806
698,383,804,277
161,369,638,-108
113,354,542,-75
519,728,40,1207
168,792,837,123
432,318,868,-118
285,873,515,643
17,159,367,-191
44,923,600,367
550,385,509,426
787,129,921,-5
590,453,333,710
818,296,395,719
473,599,509,563
212,497,212,497
819,247,223,843
80,967,831,216
684,433,166,951
424,637,209,852
762,517,844,435
913,480,364,1029
55,614,217,452
62,769,199,632
204,810,618,396
102,498,740,-140
683,938,322,1299
797,869,595,1071
695,78,262,511
270,274,464,80
763,503,345,921
573,61,252,382
191,277,409,59
994,733,290,1437
506,760,534,732
345,895,903,337
354,411,778,-13
70,581,2,649
261,653,295,619
683,823,498,1008
653,870,296,1227
679,49,995,-267
169,54,322,-99
74,185,169,90
259,103,952,-590
624,526,598,552
355,898,198,1055
771,582,245,1108
4,802,191,615
83,688,569,202
262,769,715,316
871,920,812,979
349,957,452,854
992,544,402,1134
395,542,707,230
405,560,868,97
648,757,826,579
84,787,447,424
334,10,792,-448
667,208,539,336
70,306,864,-488
613,895,910,598
725,120,550,295
92,996,223,865
596,661,733,524
260,420,756,-76
206,151,17,340
153,675,497,331
300,756,668,388
963,281,669,575
150,34,607,-423
675,175,297,553
651,534,310,875
425,202,826,-199
781,264,922,123
183,751,381,553
299,820,171,948
335,114,714,-265
705,25,735,-5
348,410,280,478
92,559,138,513
332,518,708,142
554,151,62,643
453,805,97,1161
286,600,207,679
882,454,938,398
288,374,794,-132
64,710,326,448
399,164,329,234
932,900,513,1319
736,945,982,699
686,273,839,120
412,258,214,456
66,223,414,-125
15,886,748,153
936,566,440,1062
947,298,422,823
19,800,297,522
444,899,431,912
126,147,215,58
537,419,978,-22
372,486,917,-59
133,667,197,603
835,389,435,789
12,419,896,-465
107,704,755,56
230,449,536,143
103,548,245,406
645,640,144,1141
428,788,418,798
120,540,975,-315
714,287,280,721
72,654,911,-185
706,150,887,-31
999,985,394,1590
801,996,846,951
669,42,638,73
899,474,83,1290
551,205,208,548
800,470,64,1206
771,678,543,906
244,204,373,75
324,996,208,1112
616,802,313,1105
275,21,955,-659
844,116,282,678
824,693,267,1250
953,468,996,425
588,254,126,716
825,757,566,1016
235,543,892,-114
155,48,575,-372
873,6,597,282
505,120,482,143
382,981,808,555
752,547,529,770
972,168,834,306
816,864,675,1005
246,91,153,184
312,24,571,-235
144,320,944,-480
48,745,852,-59
10,859,445,424
953,640,661,932
645,932,725,852
200,568,604,164
783,973,498,1258
393,855,389,859
8,987,239,756
79,622,988,-287
305,763,689,379
549,276,127,698
434,849,536,747
29,114,879,-736
301,61,668,-306
842,592,310,1124
603,718,788,533
328,11,450,-111
651,278,53,876
890,791,464,1217
262,185,184,263
207,411,288,330
524,114,319,319
613,541,455,699
840,396,899,337
542,163,612,93
794,932,306,1420
85,383,523,-55
304,369,721,-48
748,307,611,444
642,159,618,183
722,266,179,809
859,631,653,837
691,868,754,805
224,692,471,445
921,971,655,1237
558,793,244,1107
819,465,634,650
638,496,867,267
232,325,140,417
485,500,416,569
828,376,702,502
336,456,547,245
501,409,936,-26
413,770,155,1028
904,463,385,982
316,164,749,-269
58,917,825,150
368,459,343,484
547,876,407,1016
186,773,974,-15
985,645,273,1357
766,100,437,429
434,340,192,582
689,154,884,-41
8,766,443,331
437,957,832,562
195,212,524,-117
469,818,308,979
663,921,393,1191
822,970,23,1769
805,835,625,1015
402,289,978,-287
52,301,59,294
669,805,549,925
88,354,401,41
455,291,895,-149
572,57,685,-56
975,957,410,1522
824,141,832,133
69,505,251,323
77,423,582,-82
89,636,566,159
455,645,660,440
875,939,167,1647
336,985,387,934
251,814,27,1038
696,823,931,588
802,599,162,1239
129,179,78,230
206,555,454,307
332,422,900,-146
288,235,938,-415
459,736,504,691
903,873,489,1287
186,334,525,-5
271,58,698,-369
573,872,742,703
343,185,584,-56
464,359,11,812
442,723,336,829
191,974,999,166
551,469,490,530
808,824,719,913
925,768,557,1136
221,640,707,154
267,300,766,-199
537,268,66,739
487,175,235,427
951,134,721,364
515,332,662,185
595,472,148,919
590,880,867,603
892,602,302,1192
448,901,871,478
461,382,648,195
300,917,211,1006
548,563,607,504
696,260,555,401
716,156,726,146
944,745,689,1000
595,910,644,861
423,729,272,880
623,246,20,849
270,50,907,-587
121,490,785,-174
81,71,281,-129
410,631,925,116
703,761,175,1289
12,100,346,-234
598,153,326,425
346,723,131,938
753,380,444,689
908,480,36,1352
628,746,752,622
725,36,842,-81
172,604,74,702
710,88,679,119
524,43,635,-68
406,303,31,678
477,435,638,274
741,736,689,788
251,789,647,393
270,793,969,94
772,964,323,1413
184,341,511,14
136,881,59,958
956,631,374,1213
609,50,947,-288
198,247,881,-436
300,618,97,821
313,11,116,208
627,562,754,435
691,79,471,299
813,305,840,278
315,188,717,-214
75,886,363,598
665,950,660,955
434,403,489,348
689,413,615,487
941,905,440,1406
429,417,682,164
288,842,57,1073
6,439,725,-280
377,879,107,1149
304,41,618,-273
575,644,428,791
671,305,760,216
763,924,523,1164
553,522,851,224
654,718,757,615
326,7,512,-179
84,940,325,699
64,153,811,-594
636,169,208,597
942,711,550,1103
216,689,886,19
335,853,816,372
507,468,992,-17
45,102,684,-537
450,810,540,720
910,984,866,1028
478,841,375,944
740,665,663,742
293,117,180,230
298,807,169,936
298,306,935,-331
979,779,615,1143
521,559,137,943
704,780,587,897
485,612,328,769
736,105,938,-97
178,955,10,1123
520,161,731,-50
664,676,591,749
970,283,349,904
469,990,330,1129
693,319,902,110
87,814,346,555
338,34,960,-588
187,367,905,-351
688,904,833,759
371,113,181,303
261,862,226,897
248,197,464,-19
136,970,227,879
880,671,880,671
848,692,684,856
990,249,946,293
324,856,570,610
166,802,960,8
429,111,599,-59
905,381,318,968
911,818,717,1012
459,893,354,998
253,424,169,508
777,13,669,121
248,196,793,-349
859,877,775,961
800,866,544,1122
532,169,834,-133
612,502,385,729
883,537,558,862
571,102,673,0
250,229,647,-168
845,985,900,930
571,180,887,-136
778,225,339,664
926,378,269,1035
145,616,564,197
963,422,487,898
91,583,72,602
196,376,254,318
675,735,481,929
108,971,900,179
509,145,517,137
565,247,127,685
573,364,287,650
387,955,539,803
473,473,639,307
537,739,232,1044
243,862,136,969
763,271,978,56
83,345,993,-565
624,909,891,642
283,181,20,444
137,871,769,239
918,842,766,994
773,191,667,297
453,144,971,-374
357,219,137,439
735,98,937,-104
427,290,840,-123
142,746,725,163
623,188,869,-58
434,697,658,473
998,386,421,963
748,893,838,803
793,543,978,358
294,515,994,-185
492,234,645,81
519,940,384,1075
116,617,214,519
853,947,806,994
119,760,175,704
851,554,821,584
30,102,741,-609
734,314,942,106
207,891,571,527
806,375,959,222
316,508,749,75
168,209,52,325
926,200,868,258
653,682,208,1127
651,782,685,748
803,434,457,780
3,88,997,-906
39,716,244,511
764,408,937,235
665,959,552,1072
160,325,145,340
960,170,251,879
643,41,918,-234
825,827,510,1142
389,947,927,409
726,877,459,1144
513,907,384,1036
55,386,291,150
155,695,573,277
249,362,590,21
52,401,947,-494
605,194,947,-148
747,433,564,616
110,354,537,-73
680,192,670,202
908,615,494,1029
479,873,573,779
712,149,949,-88
212,277,523,-34
628,215,665,178
694,968,803,859
620,880,695,805
238,200,833,-395
799,853,706,946
4,242,998,-752
215,146,383,-22
33,457,809,-319
219,822,874,167
725,464,769,420
901,906,505,1302
530,762,32,1260
549,538,430,657
503,545,564,484
174,746,501,419
208,993,777,424
322,640,956,6
72,582,914,-260
111,571,103,579
539,776,68,1247
31,303,192,142
222,138,926,-566
997,63,904,156
61,78,996,-857
734,485,837,382
277,837,732,382
684,492,792,384
857,937,497,1297
741,353,875,219
680,901,612,969
568,657,56,1169
193,213,394,12
411,660,543,528
349,301,627,23
466,408,950,-76
260,679,385,554
879,158,472,565
138,313,966,-515
827,429,400,856
482,107,125,464
136,122,882,-624
307,596,24,879
579,411,72,918
129,92,658,-437
903,825,49,1679
675,683,986,372
435,731,119,1047
402,708,425,685
981,802,821,962
872,653,529,996
117,832,124,825
138,418,791,-235
992,610,409,1193
162,195,644,-287
931,215,271,875
88,718,966,-160
991,586,564,1013
525,566,814,277
287,90,462,-85
766,918,146,1538
319,354,348,325
693,156,9,840
601,152,308,445
524,484,345,663
655,80,131,604
365,351,744,-28
260,703,522,441
567,541,552,556
491,569,868,192
498,761,91,1168
431,372,477,326
717,965,806,876
95,541,853,-217
292,930,808,414
409,530,548,391
60,556,526,90
630,962,289,1303
719,577,226,1070
921,126,631,416
920,239,771,388
958,544,699,803
834,74,146,762
899,702,191,1410
224,664,327,561
951,779,78,1652
215,24,886,-647
916,692,95,1513
277,958,682,553
43,899,615,327
263,536,287,512
640,714,744,610
321,463,952,-168
777,795,489,1083
146,940,952,134
32,72,627,-523
164,246,78,332
19,831,875,-25
820,734,942,612
381,551,658,274
544,653,908,289
301,181,211,271
305,788,317,776
631,618,645,604
382,356,629,109
187,63,679,-429
561,882,845,598
471,482,438,515
980,634,800,814
402,202,491,113
834,541,313,1062
399,882,56,1225
244,192,306,130
428,759,745,442
913,904,656,1161
762,800,311,1251
193,815,247,761
187,968,197,958
711,27,237,501
95,7,848,-746
684,676,440,920
730,351,98,983
407,398,861,-56
959,824,743,1040
918,156,649,425
222,336,83,475
363,471,920,-86
908,733,891,750
634,511,737,408
473,495,613,355
967,269,329,907
466,394,910,-50
493,431,248,676
527,34,794,-233
815,775,778,812
142,894,150,886
620,534,897,257
707,518,704,521
210,841,288,763
69,760,959,-130
531,363,252,642
511,544,213,842
476,494,477,493
509,641,618,532
203,155,125,233
378,785,985,178
543,400,76,867
36,185,18,203
258,144,478,-76
993,392,923,462
108,468,915,-339
80,304,393,-9
238,778,381,635
141,244,357,28
719,22,972,-231
989,24,29,984
118,604,998,-276
502,807,470,839
728,646,2,1372
839,384,810,413
205,216,231,190
410,5,15,400
206,289,636,-141
718,37,115,640
60,672,912,-180
439,537,575,401
683,435,848,270
400,84,566,-82
610,592,235,967
579,589,844,324
366,609,311,664
47,157,461,-257
907,249,240,916
783,465,519,729
340,784,450,674
892,220,34,1078
713,898,584,1027
546,10,740,-184
531,888,822,597
407,429,876,-40
111,996,745,362
760,635,419,976
565,624,274,915
168,973,494,647
730,653,988,395
837,452,717,572
641,650,470,821
405,648,641,412
501,497,391,607
726,156,556,326
125,146,735,-464
63,857,966,-46
325,392,204,513
130,281,706,-295
662,349,275,736
907,784,469,1222
391,829,293,927
120,35,102,53
50,580,199,431
391,769,134,1026
493,219,545,167
291,499,706,84
817,66,705,178
829,671,504,996
464,43,275,232
770,409,614,565
986,87,915,158
617,126,765,-22
849,54,931,-28
109,745,453,401
345,618,130,833
504,515,593,426
612,664,787,489
799,23,479,343
589,138,579,148
856,320,602,574
653,619,659,613
515,790,457,848
405,992,226,1171
721,401,878,244
134,251,901,-516
107,123,46,184
688,508,851,345
985,774,638,1121
279,523,276,526
636,29,148,517
118,243,482,-121
902,746,869,779
64,847,722,189
119,82,139,62
596,413,353,656
474,106,834,-254
675,643,458,860
761,612,906,467
578,597,830,345
814,786,939,661
280,372,338,314
734,861,309,1286
5,802,470,337
155,436,956,-365
64,294,319,39
485,736,15,1206
259,551,196,614
604,118,95,627
673,353,589,437
293,728,493,528
363,597,282,678
397,919,588,728
341,224,423,142
752,253,778,227
532,33,651,-86
725,788,194,1319
851,704,877,678
606,124,516,214
401,506,102,805
493,761,515,739
699,92,410,381
675,846,720,801
355,885,668,572
765,393,462,696
142,141,97,186
767,185,421,531
731,122,271,582
299,703,950,52
651,150,41,760
301,973,530,744
392,677,345,724
446,617,985,78
935,48,887,96
839,884,970,753
72,647,98,621
960,844,500,1304
47,26,315,-242
259,980,721,518
580,771,356,995
345,896,327,914
805,51,924,-68
105,695,290,510
474,413,501,386
776,968,171,1573
277,762,574,465
34,880,287,627
431,710,386,755
569,435,583,421
366,821,801,386
492,272,856,-92
679,448,773,354
703,991,184,1510
427,443,158,712
301,874,637,538
870,971,247,1594
75,293,612,-244
337,306,401,242
494,738,362,870
52,656,952,-244
649,877,704,822
642,365,448,559
326,873,718,481
412,198,612,-2
562,484,282,764
766,225,653,338
741,675,671,745
509,951,982,478
902,71,600,373
677,710,660,727
937,729,748,918
980,28,624,384
579,466,940,105
597,382,247,732
751,292,516,527
980,686,445,1221
138,996,752,382
114,412,702,-176
275,375,225,425
396,164,500,60
52,348,429,-29
445,324,284,485
132,308,601,-161
379,538,394,523
97,592,907,-218
853,108,116,845
764,825,933,656
583,13,908,-312
670,350,27,993
712,663,698,677
870,62,508,424
643,161,169,635
166,904,479,591
34,578,321,291
780,94,802,72
485,427,471,441
700,154,816,38
560,283,38,805
143,487,987,-357
651,679,377,953
638,312,873,77
55,12,684,-617
928,522,414,1036
65,71,457,-321
915,462,690,687
212,447,255,404
668,623,924,367
732,775,405,1102
673,504,930,247
585,819,559,845
511,623,645,489
119,144,38,225
27,497,606,-82
983,274,229,1028
660,435,497,598
661,334,952,43
631,850,41,1440
670,208,550,328
315,28,429,-86
40,609,819,-170
100,851,844,107
810,797,11,1596
57,390,386,61
870,386,93,1163
759,655,355,1059
59,25,167,-83
1,65,762,-696
907,115,803,219
766,912,881,797
561,117,726,-48
760,827,875,712
56,460,178,338
281,105,836,-450
359,467,586,240
136,644,247,533
540,842,684,698
606,796,946,456
662,45,800,-93
317,270,156,431
247,89,748,-412
808,459,121,1146
929,752,450,1231
126,619,225,520
396,511,931,-24
729,187,692,224
802,773,393,1182
683,959,526,1116
910,889,3,1796
680,594,582,692
994,150,67,1077
456,836,714,578
900,175,930,145
847,47,765,129
933,688,434,1187
58,14,433,-361
522,446,138,830
438,147,138,447
620,692,686,626
141,913,386,668
273,620,713,180
386,26,864,-452
643,532,920,255
855,52,168,739
796,165,327,634
918,171,903,186
478,111,358,231
799,562,401,960
20,966,286,700
845,855,494,1206
589,675,911,353
480,485,729,236
665,891,927,629
926,5,211,720
499,721,513,707
727,725,167,1285
240,282,717,-195
170,590,699,61
777,504,873,408
212,895,514,593
728,269,442,555
846,391,754,483
571,172,634,109
690,361,122,929
784,586,195,1175
289,739,427,601
455,183,434,204
395,445,66,774
371,979,591,759
780,514,423,871
888,89,600,377
214,659,630,243
250,590,655,185
228,581,523,286
946,767,851,862
317,6,48,275
124,780,327,577
124,100,772,-548
565,871,14,1422
157,565,44,678
18,436,873,-419
157,325,221,261
921,979,810,1090
535,833,130,1238
896,455,413,938
585,673,491,767
626,925,222,1329
261,964,16,1209
141,828,297,672
674,208,87,795
501,601,304,798
217,67,981,-697
176,597,721,52
482,859,604,737
827,536,120,1243
909,8,646,271
343,363,684,22
625,592,729,488
660,279,79,860
994,164,170,988
110,983,795,298
951,978,202,1727
767,523,76,1214
232,753,187,798
774,524,453,845
612,195,257,550
628,408,464,572
601,808,372,1037
268,733,988,13
31,338,769,-400
701,660,952,409
553,102,501,154
454,37,456,35
406,326,558,174
520,884,113,1291
746,698,209,1235
869,831,196,1504
104,878,788,194
740,799,134,1405
951,407,19,1339
988,436,210,1214
991,537,93,1435
560,302,368,494
274,799,633,440
775,644,561,858
311,229,375,165
347,222,614,-45
520,862,761,621
850,198,860,188
247,814,692,369
706,296,542,460
17,323,296,44
493,877,390,980
269,478,551,196
21,23,521,-477
541,513,763,291
409,523,351,581
167,791,754,204
231,160,593,-202
378,471,664,185
54,230,298,-14
573,857,700,730
470,307,629,148
892,188,698,382
525,387,321,591
340,23,971,-608
872,509,298,1083
184,970,115,1039
339,799,174,964
117,236,381,-28
397,581,427,551
6,612,875,-257
567,646,324,889
156,71,531,-304
978,640,426,1192
173,927,379,721
666,614,413,867
551,702,517,736
695,113,645,163
414,682,113,983
705,576,584,697
140,306,845,-399
661,525,885,301
358,69,997,-570
213,609,317,505
589,139,834,-106
208,218,28,398
199,491,98,592
27,81,488,-380
814,137,230,721
854,145,215,784
466,87,866,-313
657,988,781,864
230,442,937,-265
670,545,911,304
420,854,201,1073
836,485,419,902
318,322,74,566
388,827,760,455
457,279,519,217
434,827,520,741
577,477,826,228
780,83,241,622
763,860,207,1416
633,58,412,279
865,63,167,761
663,639,82,1220
888,825,798,915
101,458,696,-137
328,159,63,424
371,58,82,347
189,573,203,559
391,990,743,638
791,329,820,300
417,947,549,815
445,331,374,402
902,143,694,351
270,344,249,365
888,493,366,1015
595,427,770,252
636,113,281,468
168,969,572,565
812,893,537,1168
479,124,28,575
589,679,416,852
449,810,979,280
358,803,439,722
153,811,344,620
9,975,96,888
743,641,604,780
213,869,89,993
966,794,973,787
592,495,946,141
353,629,752,230
424,730,876,278
577,837,317,1097
6,484,577,-87
375,278,428,225
218,166,414,-30
791,459,243,1007
733,738,312,1159
896,654,10,1540
606,225,683,148
454,500,863,91
588,805,247,1146
793,668,643,818
48,710,557,201
447,296,630,113
858,333,921,270
137,681,7,811
986,874,472,1388
105,972,459,618
365,574,911,28
537,826,896,467
413,799,955,257
317,817,537,597
516,786,998,304
469,343,380,432
649,264,380,533
926,930,659,1197
206,192,555,-157
524,5,211,318
810,876,698,988
439,759,277,921
398,724,368,754
928,911,898,941
247,315,332,230
385,891,695,581
375,365,704,36
340,972,288,1024
854,93,893,54
425,518,324,619
61,778,147,692
465,508,99,874
659,706,615,750
817,254,846,225
897,483,580,800
640,55,576,119
208,635,961,-118
589,327,51,865
565,78,603,40
101,247,598,-250
951,377,556,772
505,132,189,448
129,124,241,12
215,453,442,226
367,881,846,402
735,66,392,409
43,960,253,750
723,7,340,390
536,691,389,838
262,644,772,134
146,87,23,210
805,761,323,1243
216,616,627,205
396,481,904,-27
202,194,121,275
647,398,153,892
237,297,508,26
306,196,621,-119
394,578,700,272
685,426,57,1054
997,837,210,1624
657,273,567,363
643,261,701,203
602,188,555,235
568,367,134,801
682,387,29,1040
74,779,207,646
18,559,199,378
247,791,425,613
61,642,874,-171
879,992,497,1374
480,865,227,1118
71,376,599,-152
551,748,221,1078
888,768,688,968
104,490,51,543
322,420,580,162
279,686,165,800
676,145,760,61
757,362,475,644
193,535,338,390
502,54,693,-137
119,964,805,278
791,835,314,1312
246,892,782,356
660,139,924,-125
645,649,329,965
76,480,286,270
793,441,775,459
830,935,25,1740
265,534,81,718
441,127,845,-277
97,162,16,243
334,738,963,109
475,164,167,472
950,445,905,490
853,555,438,970
472,337,676,133
818,949,730,1037
337,373,479,231
809,384,435,758
393,919,607,705
774,988,594,1168
155,530,830,-145
723,278,450,551
686,414,114,986
963,847,821,989
288,316,887,-283
73,254,275,52
44,426,707,-237
284,890,100,1074
997,70,213,854
865,57,761,161
706,984,259,1431
979,400,299,1080
444,710,379,775
715,209,208,716
433,659,194,898
241,349,651,-61
509,588,684,413
170,810,66,914
966,847,904,909
478,661,491,648
306,113,664,-245
588,260,992,-144
982,679,835,826
866,857,51,1672
941,156,264,833
651,530,579,602
624,135,992,-233
600,976,673,903
417,599,298,718
637,966,800,803
698,794,20,1472
586,405,688,303
992,741,346,1387
820,734,653,901
525,487,214,798
11,321,929,-597
123,298,429,-8
345,773,220,898
678,939,893,724
845,867,282,1430
53,676,285,444
500,601,281,820
504,450,541,413
985,791,857,919
732,756,244,1244
543,861,545,859
499,257,700,56
395,652,280,767
113,643,903,-147
98,415,762,-249
171,451,753,-131
107,285,933,-541
536,178,736,-22
436,440,312,564
55,206,460,-199
471,736,476,731
571,100,977,-306
3,378,383,-2
393,713,990,116
556,83,242,397
564,15,356,223
578,540,388,730
874,274,189,959
423,430,807,46
179,413,87,505
164,776,534,406
680,677,802,555
683,31,130,584
192,946,80,1058
58,316,100,274
929,140,444,625
520,599,253,866
404,468,874,-2
565,357,876,46
486,670,856,300
849,885,631,1103
159,746,455,450
342,153,70,425
821,24,589,256
578,668,517,729
651,698,766,583
988,613,916,685
168,308,923,-447
246,102,623,-275
311,191,636,-134
678,229,758,149
309,511,775,45
368,791,566,593
421,656,740,337
72,652,763,-39
240,664,523,381
691,867,665,893
530,879,549,860
322,519,678,163
343,84,366,61
694,982,768,908
683,259,892,50
744,800,644,900
64,186,889,-639
595,279,288,586
796,992,391,1397
780,742,173,1349
720,913,585,1048
57,688,125,620
416,140,509,47
165,886,501,550
901,994,869,1026
889,890,393,1386
863,445,935,373
27,968,964,31
525,241,881,-115
135,526,730,-69
94,40,546,-412
290,753,993,50
563,940,643,860
714,695,319,1090
736,290,254,772
873,428,189,1112
279,992,726,545
258,205,391,72
77,667,637,107
93,771,857,7
807,28,714,121
412,872,375,909
322,815,17,1120
935,861,651,1145
347,766,53,1060
977,776,964,789
555,25,854,-274
786,463,174,1075
144,855,525,474
165,451,207,409
832,551,748,635
793,522,940,375
979,436,643,772
716,709,732,693
802,850,678,974
433,636,318,751
284,328,618,-6
828,930,571,1187
627,5,370,262
779,929,51,1657
636,794,645,785
192,431,792,-169
836,970,837,969
303,401,765,-61
843,877,543,1177
305,844,725,424
56,804,670,190
773,746,507,1012
667,771,198,1240
337,365,969,-267
69,495,754,-190
696,229,282,643
825,374,270,929
34,814,701,147
513,953,704,762
272,217,486,3
77,340,895,-478
74,855,279,650
541,705,822,424
982,537,779,740
283,688,358,613
882,81,983,-20
651,996,757,890
687,205,756,136
716,906,756,866
353,188,473,68
331,26,100,257
701,898,659,940
768,106,436,438
467,676,169,974
245,843,345,743
233,284,994,-477
838,117,338,617
93,512,250,355
505,677,203,979
997,322,145,1174
371,960,390,941
962,774,532,1204
102,870,638,334
163,46,593,-384
90,863,940,13
999,777,632,1144
730,755,291,1194
611,1,982,-370
431,736,899,268
606,473,311,768
106,431,885,-348
114,645,354,405
116,921,36,1001
736,221,566,391
714,901,38,1577
802,176,302,676
594,742,386,950
132,780,966,-54
698,809,126,1381
825,197,935,87
22,350,457,-85
29,969,494,504
556,135,828,-137
266,666,841,91
742,244,652,334
438,359,790,7
701,157,885,-27
461,674,835,300
281,369,846,-196
244,291,59,476
729,958,412,1275
425,765,54,1136
981,984,65,1900
871,706,424,1153
551,611,775,387
823,972,802,993
790,581,90,1281
214,412,727,-101
717,838,190,1365
429,588,292,725
352,897,639,610
660,371,489,542
785,36,549,272
947,322,704,565
338,140,991,-513
186,181,589,-222
383,192,18,557
62,338,482,-82
299,436,135,600
7,651,248,410
178,203,127,254
545,198,248,495
986,120,942,164
615,136,215,536
81,457,433,105
688,310,847,151
174,930,7,1097
989,871,518,1342
211,342,246,307
115,613,841,-113
542,216,837,-79
969,966,826,1109
720,529,364,885
711,68,384,395
452,589,178,863
377,697,422,652
796,381,182,995
412,750,469,693
15,568,130,453
69,202,888,-617
606,11,562,55
502,753,335,920
802,356,45,1113
973,949,535,1387
612,711,147,1176
203,547,121,629
204,968,549,623
997,708,661,1044
134,149,487,-204
701,798,342,1157
241,599,244,596
468,209,986,-309
581,262,559,284
641,402,803,240
302,218,984,-464
1,307,845,-537
408,844,801,451
549,667,193,1023
66,368,600,-166
882,751,823,810
893,649,876,666
178,364,829,-287
480,290,441,329
378,705,226,857
643,537,103,1077
849,146,117,878
542,846,682,706
14,738,510,242
802,132,523,411
858,684,635,907
559,654,761,452
213,129,824,-482
501,703,434,770
673,485,990,168
953,474,515,912
110,400,790,-280
493,660,439,714
429,774,308,895
938,963,445,1456
781,320,226,875
890,103,618,375
353,41,403,-9
356,478,965,-131
779,550,951,378
754,651,291,1114
291,538,632,197
416,982,682,716
421,357,381,397
89,54,35,108
69,712,564,217
804,11,695,120
279,465,214,530
8,183,594,-403
88,947,53,982
209,778,957,30
68,694,40,722
361,365,11,715
280,952,434,798
500,786,144,1142
479,779,967,291
944,892,639,1197
17,308,251,74
658,6,828,-164
796,965,760,1001
819,406,134,1091
467,847,771,543
860,258,122,996
516,879,784,611
514,823,813,524
419,357,553,223
747,779,403,1123
785,841,927,699
339,628,341,626
731,663,362,1032
956,666,31,1591
777,269,144,902
545,706,816,435
70,537,395,212
668,669,164,1173
700,919,554,1065
133,646,812,-33
314,948,921,341
577,854,159,1272
88,81,71,98
660,704,367,997
955,137,463,629
250,130,567,-187
650,609,468,791
239,657,250,646
475,276,684,67
577,606,955,228
49,258,986,-679
192,250,588,-146
261,14,776,-501
190,523,636,77
145,281,730,-304
17,96,361,-248
318,196,488,26
674,315,764,225
977,58,720,315
441,44,546,-61
593,227,946,-126
420,541,212,749
558,365,646,277
546,292,747,91
257,808,159,906
629,964,604,989
562,646,759,449
775,51,713,113
293,762,521,534
356,533,689,200
362,469,494,337
592,407,140,859
811,265,798,278
304,930,810,424
379,670,197,852
525,244,904,-135
862,651,250,1263
515,3,476,42
845,446,978,313
175,208,350,33
496,568,299,765
513,891,579,825
169,274,625,-182
948,838,855,931
948,985,775,1158
560,719,271,1008
827,367,702,492
301,37,182,156
880,95,714,261
535,648,761,422
190,878,289,779
479,636,103,1012
665,724,782,607
348,54,340,62
681,490,875,296
822,816,620,1018
326,582,378,530
181,293,476,-2
469,287,400,356
905,420,331,994
165,142,905,-598
617,815,667,765
959,580,999,540
610,807,60,1357
352,940,809,483
608,257,859,6
953,777,811,919
336,352,511,177
475,924,872,527
75,720,321,474
53,658,444,267
94,878,460,512
120,967,709,378
845,135,875,105
397,498,654,241
86,826,282,630
860,157,185,832
987,162,203,946
27,797,821,3
10,192,20,182
530,838,377,991
707,661,786,582
7,597,547,57
161,439,414,186
406,163,815,-246
927,808,77,1658
136,185,993,-672
352,440,535,257
908,971,377,1502
343,78,776,-355
597,135,345,387
361,594,972,-17
785,174,957,2
973,858,190,1641
316,970,742,544
367,662,410,619
762,491,848,405
512,391,316,587
67,943,432,578
888,765,915,738
269,572,723,118
22,818,245,595
108,179,589,-302
262,710,757,215
652,424,100,976
440,254,253,441
915,223,388,750
376,674,508,542
5,831,156,680
501,760,69,1192
708,99,628,179
654,364,696,322
295,260,874,-319
692,843,640,895
577,211,214,574
726,766,627,865
710,787,442,1055
172,262,759,-325
994,41,711,324
398,285,421,262
493,396,139,750
942,598,597,943
231,431,385,277
291,956,208,1039
963,706,278,1391
257,822,291,788
843,193,666,370
125,861,162,824
678,974,560,1092
386,987,417,956
573,22,345,250
31,462,550,-57
215,58,547,-274
167,156,498,-175
343,75,759,-341
747,410,97,1060
513,644,112,1045
851,165,226,790
524,892,737,679
325,927,859,393
232,150,604,-222
417,174,513,78
791,769,792,768
311,891,319,883
799,140,500,439
210,120,547,-217
586,640,244,982
456,583,155,884
181,35,969,-753
72,105,704,-527
717,912,421,1208
840,820,514,1146
711,961,506,1166
387,799,147,1039
298,344,206,436
589,255,284,560
749,788,380,1157
513,144,705,-48
475,946,294,1127
679,5,389,295
375,765,417,723
779,858,128,1509
720,645,169,1196
116,817,868,65
745,571,337,979
979,253,267,965
317,3,346,-26
4,7,424,-413
37,318,195,160
691,404,885,210
663,758,9,1412
45,820,779,86
678,877,171,1384
311,341,985,-333
204,550,140,614
120,222,91,251
436,990,411,1015
580,6,925,-339
95,124,353,-134
726,462,240,948
120,586,508,198
577,782,280,1079
207,954,223,938
88,232,585,-265
30,273,764,-461
743,763,833,673
334,752,285,801
461,107,144,424
672,58,995,-265
260,624,85,799
631,658,638,651
77,710,342,445
531,859,176,1214
170,55,271,-46
966,357,293,1030
502,478,579,401
441,853,948,346
21,49,201,-131
485,745,232,998
912,235,327,820
541,147,52,636
542,602,142,1002
663,650,858,455
973,755,216,1512
139,689,220,608
512,195,957,-250
305,944,72,1177
615,280,483,412
234,678,63,849
364,823,544,643
23,282,165,140
465,936,565,836
811,88,403,496
941,918,943,916
919,914,901,932
492,383,531,344
581,26,345,262
642,957,605,994
641,267,489,419
480,262,736,6
977,846,88,1735
685,612,96,1201
268,724,12,980
23,320,961,-618
935,704,513,1126
154,909,504,559
358,113,31,440
102,918,527,493
497,942,476,963
373,656,485,544
729,73,654,148
85,945,169,861
922,149,149,922
958,627,914,671
429,734,444,719
427,140,434,133
315,380,610,85
948,692,120,1520
793,910,991,712
653,283,39,897
192,2,413,-219
101,321,995,-573
52,639,767,-76
868,4,497,375
516,454,459,511
838,385,5,1218
433,716,767,382
929,937,826,1040
9,163,556,-384
202,773,962,13
193,811,383,621
156,766,906,16
37,636,914,-241
149,216,128,237
949,829,28,1750
684,153,904,-67
188,709,93,804
783,400,943,240
200,878,750,328
681,964,720,925
581,416,934,63
383,240,519,104
20,616,302,334
808,304,591,521
318,968,2,1284
760,54,837,-23
295,232,225,302
919,704,775,848
463,63,336,190
780,237,249,768
464,513,312,665
29,135,846,-682
301,870,689,482
114,161,539,-264
65,457,804,-282
275,39,224,90
500,598,821,277
352,475,632,195
133,165,983,-685
244,338,872,-290
816,746,135,1427
547,548,220,875
910,401,82,1229
772,143,896,19
61,814,336,539
913,800,281,1432
954,106,767,293
513,970,892,591
170,323,795,-302
991,594,603,982
828,61,811,78
624,328,829,123
142,668,890,-80
361,823,93,1091
684,166,598,252
620,393,373,640
27,37,191,-127
182,75,432,-175
326,91,309,108
248,438,282,404
464,413,159,718
928,263,246,945
418,354,560,212
169,318,956,-469
855,136,610,381
73,671,931,-187
137,218,472,-117
200,383,800,-217
942,772,99,1615
960,138,660,438
15,587,782,-180
683,992,354,1321
374,802,507,669
857,952,939,870
273,783,518,538
147,909,715,341
793,100,526,367
955,505,508,952
414,17,106,325
987,266,87,1166
610,416,196,830
195,7,835,-633
410,31,735,-294
625,932,714,843
415,543,187,771
844,162,131,875
41,498,768,-229
152,417,29,540
839,22,887,-26
966,157,808,315
238,737,379,596
771,681,237,1215
797,978,356,1419
149,960,38,1071
339,601,469,471
243,474,720,-3
500,262,981,-219
112,164,562,-286
785,478,399,864
447,274,210,511
927,363,883,407
317,519,442,394
541,913,215,1239
502,668,979,191
782,136,696,222
822,792,934,680
271,184,536,-81
318,49,350,17
377,784,20,1141
414,377,130,661
880,865,247,1498
92,739,161,670
657,16,290,383
97,484,87,494
59,972,790,241
35,529,576,-12
445,466,530,381
771,325,178,918
696,396,135,957
353,704,580,477
218,465,572,111
374,802,950,226
797,449,889,357
737,333,864,206
649,605,44,1210
554,726,933,347
16,710,674,52
591,251,744,98
151,275,175,251
212,299,221,290
845,866,166,1545
983,510,221,1272
891,450,248,1093
866,12,864,14
280,652,126,806
527,902,497,932
262,178,357,83
320,954,764,510
304,615,341,578
897,808,517,1188
357,995,463,889
86,717,304,499
476,831,335,972
863,955,87,1731
893,221,497,617
852,931,654,1129
791,649,701,739
672,871,127,1416
547,888,949,486
678,314,793,199
622,108,327,403
259,151,555,-145
591,548,53,1086
409,716,405,720
932,70,354,648
396,785,898,283
480,799,251,1028
172,874,681,365
907,746,716,937
189,164,376,-23
269,510,27,752
809,720,437,1092
20,475,849,-354
591,156,419,328
772,799,343,1228
866,53,699,220
195,721,386,530
722,691,340,1073
248,787,603,432
53,270,94,229
789,937,452,1274
920,199,226,893
118,272,855,-465
617,342,965,-6
342,944,405,881
557,502,888,171
442,190,907,-275
413,470,402,481
139,476,19,596
931,847,24,1754
182,193,177,198
70,69,539,-400
638,106,728,16
933,649,627,955
265,425,120,570
486,292,672,106
244,185,495,-66
142,930,737,335
539,526,85,980
770,232,710,292
76,972,444,604
953,233,619,567
881,508,388,1001
277,59,814,-478
142,264,424,-18
50,87,34,103
814,39,775,78
290,377,197,470
386,837,725,498
50,698,585,163
519,916,574,861
162,534,931,-235
194,342,102,434
326,352,398,280
741,675,29,1387
175,917,592,500
146,185,268,63
18,864,74,808
781,970,117,1634
151,984,766,369
358,740,902,196
877,791,794,874
59,992,740,311
114,388,694,-192
987,699,81,1605
104,822,812,114
681,592,18,1255
669,548,195,1022
637,49,709,-23
302,343,76,569
306,694,939,61
298,651,820,129
68,631,686,13
793,182,122,853
974,783,280,1477
501,539,838,202
667,657,501,823
299,383,929,-247
965,214,284,895
522,541,715,348
675,329,594,410
965,485,566,884
508,655,466,697
419,563,274,708
873,328,11,1190
814,824,602,1036
818,363,375,806
742,901,748,895
88,961,143,906
989,431,979,441
732,900,783,849
217,565,953,-171
262,494,652,104
590,861,957,494
64,876,627,313
231,381,310,302
268,774,300,742
30,734,883,-119
714,215,169,760
632,484,243,873
184,506,915,-225
840,422,670,592
414,525,88,851
634,68,355,347
90,122,372,-160
922,547,258,1211
24,931,25,930
856,669,886,639
682,335,879,138
486,373,811,48
202,563,655,110
341,73,820,-406
679,15,413,281
350,506,585,271
728,84,291,521
852,110,86,876
241,861,146,956
291,928,251,968
862,828,402,1288
207,727,993,-59
331,282,451,162
154,215,804,-435
510,99,629,-20
531,192,121,602
139,789,318,610
836,330,614,552
156,21,730,-553
248,522,468,302
264,391,858,-203
204,765,239,730
75,486,832,-271
253,549,925,-123
210,435,327,318
676,950,528,1098
562,520,936,146
814,400,687,527
713,164,203,674
101,264,94,271
811,598,994,415
515,391,452,454
465,146,605,6
194,952,13,1133
134,974,481,627
661,750,42,1369
579,247,424,402
160,911,572,499
337,615,229,723
670,792,883,579
701,438,384,755
537,331,821,47
638,800,394,1044
264,936,679,521
954,877,693,1138
653,494,798,349
559,831,604,786
211,534,283,462
719,610,968,361
67,401,314,154
372,16,240,148
201,422,32,591
300,567,730,137
410,94,895,-391
94,421,970,-455
33,84,634,-517
968,834,966,836
522,735,711,546
113,805,638,280
811,327,614,524
153,680,313,520
171,651,908,-86
523,472,924,71
40,806,9,837
197,38,538,-303
372,396,816,-48
957,766,586,1137
377,207,496,88
680,100,313,467
954,640,238,1356
856,224,390,690
599,363,402,560
763,774,878,659
933,298,982,249
269,68,629,-292
949,384,8,1325
31,474,645,-140
207,45,627,-375
658,903,802,759
545,75,679,-59
183,917,288,812
149,337,496,-10
470,782,472,780
604,22,354,272
880,491,440,931
76,672,674,74
888,330,683,535
832,643,364,1111
643,560,35,1168
243,616,267,592
979,262,724,517
743,715,405,1053
941,16,18,939
581,736,572,745
785,152,163,774
563,852,26,1389
260,440,743,-43
151,260,129,282
669,757,860,566
687,984,186,1485
368,918,64,1222
727,995,360,1362
261,257,466,52
729,182,137,774
311,546,404,453
33,893,463,463
233,997,686,544
967,650,708,909
274,437,828,-117
165,636,288,513
107,783,849,41
854,680,938,596
571,542,311,802
529,872,606,795
393,924,947,370
762,990,537,1215
687,572,734,525
161,143,300,4
366,588,664,290
822,746,244,1324
454,470,255,669
325,509,627,207
180,447,728,-101
743,803,844,702
169,917,642,444
418,74,762,-270
606,953,508,1051
271,264,204,331
969,81,811,239
894,36,208,722
591,21,982,-370
841,901,310,1432
864,256,226,894
777,729,548,958
942,847,42,1747
785,790,259,1316
534,158,195,497
385,974,60,1299
698,311,383,626
747,28,365,410
372,373,101,644
6,164,601,-431
995,287,169,1113
593,794,33,1354
601,100,200,501
615,745,75,1285
994,649,231,1412
764,666,760,670
129,708,828,9
371,54,590,-165
188,795,302,681
891,694,41,1544
216,849,370,695
263,605,861,7
858,160,784,234
170,38,47,161
744,780,840,684
750,126,751,125
613,676,923,366
250,105,161,194
722,541,508,755
570,947,850,667
441,633,894,180
567,916,431,1052
591,660,180,1071
304,679,680,303
789,259,243,805
28,522,498,52
37,885,466,456
321,144,217,248
646,580,714,512
855,987,752,1090
320,80,359,41
71,6,456,-379
270,804,770,304
476,140,777,-161
755,841,256,1340
5,810,171,644
937,213,563,587
786,652,393,1045
795,559,276,1078
864,541,431,974
425,418,782,61
671,52,408,315
474,353,751,76
461,617,105,973
473,729,737,465
553,76,167,462
534,549,302,781
131,370,919,-418
931,107,342,696
13,224,875,-638
410,724,860,274
505,743,820,428
556,554,313,797
453,603,709,347
501,998,913,586
290,558,871,-23
930,635,856,709
827,100,682,245
142,64,677,-471
909,69,74,904
48,427,647,-172
907,969,842,1034
282,743,993,32
498,165,987,-324
93,362,640,-185
126,182,344,-36
947,908,938,917
238,468,548,158
111,327,385,53
189,176,846,-481
933,301,412,822
593,403,503,493
121,489,998,-388
259,914,725,448
744,163,493,414
603,643,262,984
880,716,839,757
323,107,586,-156
386,472,907,-49
685,626,62,1249
799,17,697,119
338,332,465,205
547,117,777,-113
408,915,952,371
68,684,256,496
644,858,278,1224
490,455,557,388
828,913,66,1675
102,477,226,353
940,901,209,1632
807,24,852,-21
771,19,5,785
318,302,230,390
681,712,937,456
938,82,435,585
777,985,145,1617
766,939,224,1481
937,798,546,1189
549,736,37,1248
941,66,821,186
136,449,315,270
174,300,110,364
360,681,112,929
510,998,87,1421
354,637,777,214
832,943,199,1576
892,741,866,767
857,691,79,1469
102,736,143,695
480,462,245,697
796,559,730,625
945,848,305,1488
822,459,480,801
362,828,829,361
189,27,824,-608
363,486,276,573
35,662,546,151
809,942,649,1102
995,173,460,708
626,534,3,1157
948,172,966,154
727,569,51,1245
13,983,691,305
516,841,398,959
98,161,938,-679
246,241,487,0
842,89,40,891
142,208,192,158
615,764,147,1232
777,330,929,178
728,139,69,798
878,403,466,815
579,758,795,542
988,743,625,1106
347,497,330,514
529,304,745,88
219,504,735,-12
145,946,40,1051
271,582,620,233
106,974,893,187
782,842,22,1602
520,234,556,198
778,892,645,1025
311,651,975,-13
130,346,712,-236
762,675,498,939
581,602,471,712
663,723,741,645
784,59,897,-54
324,253,337,240
422,65,819,-332
691,626,789,528
38,757,346,449
100,705,324,481
689,891,920,660
128,68,449,-253
430,276,323,383
98,595,677,16
622,106,163,565
880,459,657,682
337,998,156,1179
708,638,444,902
198,785,985,-2
431,659,166,924
512,632,715,429
346,773,55,1064
398,97,407,88
70,945,778,237
271,290,377,184
454,709,14,1149
782,815,661,936
952,850,663,1139
794,243,249,788
571,641,505,707
967,131,187,911
645,380,737,288
29,616,740,-95
661,964,786,839
858,326,945,239
166,76,556,-314
834,126,703,257
520,747,985,282
923,445,287,1081
284,50,916,-582
197,82,992,-713
58,132,238,-48
593,865,761,697
113,640,685,68
78,987,114,951
491,913,785,619
366,635,744,257
808,782,836,754
243,771,919,95
397,485,383,499
644,926,397,1173
963,725,180,1508
405,883,157,1131
642,229,490,381
299,254,86,467
39,14,343,-290
206,150,181,175
575,403,774,204
